Date,DayOfWeek,Package,PricePerNight,Taxes&Fees,StayTotal,ChangeVector
01-4-2024,Thursday,Comfortable Condo close to Slopes with a Hot Tub!,$357,$419,$3599,â¬†ï¸Ž (3599)
01-5-2024,Friday,Comfortable Condo close to Slopes with a Hot Tub!,$357,$419,$3599,â¬†ï¸Ž (3599)
01-5-2024,Friday,Easy Mountain - Mt Crested Butte,$196,$231,$2243,â¬†ï¸Ž (2243)
01-5-2024,Friday,Comfortable Condo close to Slopes with a Hot Tub!,$357,$419,$3599,ðŸŸ°
01-5-2024,Friday,"Hot Tub, Close Walk to the Slopes!",$304,$357,$3022,â¬†ï¸Ž (3022)
01-5-2024,Friday,LOCATION! Base Area Trails Right Outside your Door! GREAT RATES!,$324,$382,$3219,â¬†ï¸Ž (3219)
01-5-2024,Friday,Easy Mountain - Mt Crested Butte,$196,$231,$2243,ðŸŸ°
01-5-2024,Friday,"Hot Tub, Close Walk to the Slopes!",$304,$357,$3022,ðŸŸ°
01-5-2024,Friday,LOCATION! Base Area Trails Right Outside your Door! GREAT RATES!,$324,$382,$3219,ðŸŸ°
01-6-2024,Saturday,Comfortable Condo close to Slopes with a Hot Tub!,$357,$419,$3599,ðŸŸ°
01-6-2024,Saturday,Easy Mountain - Mt Crested Butte,$196,$231,$2243,ðŸŸ°
01-6-2024,Saturday,"Hot Tub, Close Walk to the Slopes!",$304,$357,$3022,ðŸŸ°
01-6-2024,Saturday,LOCATION! Base Area Trails Right Outside your Door! GREAT RATES!,$324,$382,$3219,ðŸŸ°
01-7-2024,Sunday,Comfortable Condo close to Slopes with a Hot Tub!,$357,$419,$3599,ðŸŸ°
01-7-2024,Sunday,Easy Mountain - Mt Crested Butte,$196,$231,$2243,ðŸŸ°
01-7-2024,Sunday,"Hot Tub, Close Walk to the Slopes!",$304,$357,$3022,ðŸŸ°
01-7-2024,Sunday,LOCATION! Base Area Trails Right Outside your Door! GREAT RATES!,$324,$382,$3219,ðŸŸ°
01-7-2024,Sunday,Comfortable Condo close to Slopes with a Hot Tub!,$354,$416,$3575,â¬‡ï¸Ž (-24)
01-7-2024,Sunday,"Hot Tub, Close Walk to the Slopes!",$302,$355,$3003,â¬‡ï¸Ž (-19)
01-7-2024,Sunday,LOCATION! Base Area Trails Right Outside your Door! GREAT RATES!,$322,$379,$3194,â¬‡ï¸Ž (-25)
01-8-2024,Monday,Comfortable Condo close to Slopes with a Hot Tub!,$354,$416,$3575,ðŸŸ°
01-8-2024,Monday,Easy Mountain - Mt Crested Butte,$196,$231,$2243,ðŸŸ°
01-8-2024,Monday,"Hot Tub, Close Walk to the Slopes!",$302,$355,$3003,ðŸŸ°
01-8-2024,Monday,LOCATION! Base Area Trails Right Outside your Door! GREAT RATES!,$322,$379,$3194,ðŸŸ°
01-9-2024,Tuesday,Comfortable Condo close to Slopes with a Hot Tub!,$354,$416,$3575,ðŸŸ°
01-9-2024,Tuesday,Easy Mountain - Mt Crested Butte,$196,$231,$2243,ðŸŸ°
01-9-2024,Tuesday,"Hot Tub, Close Walk to the Slopes!",$302,$355,$3003,ðŸŸ°
01-9-2024,Tuesday,LOCATION! Base Area Trails Right Outside your Door! GREAT RATES!,$322,$379,$3194,ðŸŸ°
01-10-2024,Wednesday,Comfortable Condo close to Slopes with a Hot Tub!,$361,$424,$3637,â¬†ï¸Ž (62)
01-10-2024,Wednesday,Easy Mountain - Mt Crested Butte,$196,$231,$2243,ðŸŸ°
01-10-2024,Wednesday,"Hot Tub, Close Walk to the Slopes!",$307,$362,$3058,â¬†ï¸Ž (55)
01-10-2024,Wednesday,LOCATION! Base Area Trails Right Outside your Door! GREAT RATES!,$327,$385,$3248,â¬†ï¸Ž (54)
01-10-2024,Wednesday,Comfortable Condo close to Slopes with a Hot Tub!,$361,$424,$3637,ðŸŸ°
01-10-2024,Wednesday,"Hot Tub, Close Walk to the Slopes!",$307,$362,$3058,ðŸŸ°
01-10-2024,Wednesday,LOCATION! Base Area Trails Right Outside your Door! GREAT RATES!,$327,$385,$3248,ðŸŸ°
01-11-2024,Thursday,Comfortable Condo close to Slopes with a Hot Tub!,$361,$424,$3637,ðŸŸ°
01-11-2024,Thursday,Easy Mountain - Mt Crested Butte,$196,$231,$2243,ðŸŸ°
01-11-2024,Thursday,"Hot Tub, Close Walk to the Slopes!",$307,$362,$3058,ðŸŸ°
01-11-2024,Thursday,LOCATION! Base Area Trails Right Outside your Door! GREAT RATES!,$327,$385,$3248,ðŸŸ°
01-12-2024,Friday,Comfortable Condo close to Slopes with a Hot Tub!,$361,$424,$3637,ðŸŸ°
01-12-2024,Friday,Easy Mountain - Mt Crested Butte,$196,$231,$2243,ðŸŸ°
01-12-2024,Friday,"Hot Tub, Close Walk to the Slopes!",$307,$362,$3058,ðŸŸ°
01-12-2024,Friday,LOCATION! Base Area Trails Right Outside your Door! GREAT RATES!,$327,$385,$3248,ðŸŸ°
01-13-2024,Saturday,Comfortable Condo close to Slopes with a Hot Tub!,$361,$424,$3640,â¬†ï¸Ž (3)
01-13-2024,Saturday,Easy Mountain - Mt Crested Butte,$196,$231,$2243,ðŸŸ°
01-13-2024,Saturday,"Hot Tub, Close Walk to the Slopes!",$307,$362,$3058,ðŸŸ°
01-13-2024,Saturday,LOCATION! Base Area Trails Right Outside your Door! GREAT RATES!,$328,$386,$3257,â¬†ï¸Ž (9)
01-13-2024,Saturday,Comfortable Condo close to Slopes with a Hot Tub!,$361,$424,$3640,ðŸŸ°
01-13-2024,Saturday,LOCATION! Base Area Trails Right Outside your Door! GREAT RATES!,$328,$386,$3257,ðŸŸ°
01-14-2024,Sunday,Comfortable Condo close to Slopes with a Hot Tub!,$361,$424,$3640,ðŸŸ°
01-14-2024,Sunday,Easy Mountain - Mt Crested Butte,$196,$231,$2243,ðŸŸ°
01-14-2024,Sunday,"Hot Tub, Close Walk to the Slopes!",$307,$362,$3058,ðŸŸ°
01-14-2024,Sunday,LOCATION! Base Area Trails Right Outside your Door! GREAT RATES!,$328,$386,$3257,ðŸŸ°
01-15-2024,Monday,Comfortable Condo close to Slopes with a Hot Tub!,$361,$424,$3640,ðŸŸ°
01-15-2024,Monday,Easy Mountain - Mt Crested Butte,$196,$231,$2243,ðŸŸ°
01-15-2024,Monday,"Hot Tub, Close Walk to the Slopes!",$307,$362,$3058,ðŸŸ°
01-15-2024,Monday,LOCATION! Base Area Trails Right Outside your Door! GREAT RATES!,$328,$386,$3257,ðŸŸ°
01-15-2024,Monday,Comfortable Condo close to Slopes with a Hot Tub!,$358,$421,$3611,â¬‡ï¸Ž (-29)
01-15-2024,Monday,"Hot Tub, Close Walk to the Slopes!",$305,$359,$3037,â¬‡ï¸Ž (-21)
01-15-2024,Monday,LOCATION! Base Area Trails Right Outside your Door! GREAT RATES!,$325,$383,$3229,â¬‡ï¸Ž (-28)
01-16-2024,Tuesday,Comfortable Condo close to Slopes with a Hot Tub!,$358,$421,$3611,ðŸŸ°
01-16-2024,Tuesday,Easy Mountain - Mt Crested Butte,$196,$231,$2243,ðŸŸ°
01-16-2024,Tuesday,"Hot Tub, Close Walk to the Slopes!",$305,$359,$3037,ðŸŸ°
01-16-2024,Tuesday,LOCATION! Base Area Trails Right Outside your Door! GREAT RATES!,$325,$383,$3229,ðŸŸ°
01-16-2024,Tuesday,Comfortable Condo close to Slopes with a Hot Tub!,$358,$421,$3597,â¬‡ï¸Ž (-14)
01-16-2024,Tuesday,Easy Mountain - Mt Crested Butte,$196,$231,$2234,â¬‡ï¸Ž (-9)
01-16-2024,Tuesday,"Hot Tub, Close Walk to the Slopes!",$305,$359,$3025,â¬‡ï¸Ž (-12)
01-16-2024,Tuesday,LOCATION! Base Area Trails Right Outside your Door! GREAT RATES!,$325,$383,$3216,â¬‡ï¸Ž (-13)
01-17-2024,Wednesday,Comfortable Condo close to Slopes with a Hot Tub!,$358,$421,$3597,ðŸŸ°
01-17-2024,Wednesday,Easy Mountain - Mt Crested Butte,$196,$231,$2234,ðŸŸ°
01-17-2024,Wednesday,"Hot Tub, Close Walk to the Slopes!",$305,$359,$3025,ðŸŸ°
01-17-2024,Wednesday,LOCATION! Base Area Trails Right Outside your Door! GREAT RATES!,$325,$383,$3216,ðŸŸ°
01-17-2024,Wednesday,"Ski-in/Ski-out, Panoramic ski slope views, Heated Garage",$575,$765,$5561,â¬†ï¸Ž (5561)
01-17-2024,Wednesday,Cozy Crested Butte Condo 50 Yards from Ski Lift!,$662,$806,$6478,â¬†ï¸Ž (6478)
01-17-2024,Wednesday,"Ski-In, Ski-Out Condo. Steps from the lift!",$275,$455,$2886,â¬†ï¸Ž (2886)
01-18-2024,Thursday,Comfortable Condo close to Slopes with a Hot Tub!,$358,$421,$3597,ðŸŸ°
01-18-2024,Thursday,Easy Mountain - Mt Crested Butte,$196,$231,$2234,ðŸŸ°
01-18-2024,Thursday,"Hot Tub, Close Walk to the Slopes!",$305,$359,$3025,ðŸŸ°
01-18-2024,Thursday,LOCATION! Base Area Trails Right Outside your Door! GREAT RATES!,$325,$383,$3216,ðŸŸ°
01-18-2024,Thursday,"Ski-in/Ski-out, Panoramic ski slope views, Heated Garage",$575,$765,$5561,ðŸŸ°
01-18-2024,Thursday,Cozy Crested Butte Condo 50 Yards from Ski Lift!,$662,$806,$6478,ðŸŸ°
01-18-2024,Thursday,"Ski-In, Ski-Out Condo. Steps from the lift!",$275,$455,$2886,ðŸŸ°
01-18-2024,Thursday,Cozy Crested Butte Condo 50 Yards from Ski Lift!,$660,$805,$6465,â¬‡ï¸Ž (-13)
01-18-2024,Thursday,Cozy Crested Butte Condo 50 Yards from Ski Lift!,$660,$805,$6465,ðŸŸ°
01-19-2024,Friday,Comfortable Condo close to Slopes with a Hot Tub!,$409,$481,$4077,â¬†ï¸Ž (480)
01-19-2024,Friday,Easy Mountain - Mt Crested Butte,$196,$231,$2234,ðŸŸ°
01-19-2024,Friday,"Hot Tub, Close Walk to the Slopes!",$348,$410,$3431,â¬†ï¸Ž (406)
01-19-2024,Friday,LOCATION! Base Area Trails Right Outside your Door! GREAT RATES!,$372,$437,$3659,â¬†ï¸Ž (443)
01-19-2024,Friday,"Ski-in/Ski-out, Panoramic ski slope views, Heated Garage",$575,$765,$5561,ðŸŸ°
01-19-2024,Friday,Cozy Crested Butte Condo 50 Yards from Ski Lift!,$660,$805,$6465,ðŸŸ°
01-19-2024,Friday,"Ski-In, Ski-Out Condo. Steps from the lift!",$275,$455,$2886,ðŸŸ°
01-19-2024,Friday,Comfortable Condo close to Slopes with a Hot Tub!,$409,$481,$4077,ðŸŸ°
01-19-2024,Friday,"Hot Tub, Close Walk to the Slopes!",$348,$410,$3431,ðŸŸ°
01-19-2024,Friday,LOCATION! Base Area Trails Right Outside your Door! GREAT RATES!,$372,$437,$3659,ðŸŸ°
01-19-2024,Friday,Cozy Crested Butte Condo 50 Yards from Ski Lift!,$575,$704,$5708,â¬‡ï¸Ž (-757)
01-20-2024,Saturday,Comfortable Condo close to Slopes with a Hot Tub!,$409,$481,$4077,ðŸŸ°
01-20-2024,Saturday,Easy Mountain - Mt Crested Butte,$196,$231,$2234,ðŸŸ°
01-20-2024,Saturday,"Hot Tub, Close Walk to the Slopes!",$348,$410,$3431,ðŸŸ°
01-20-2024,Saturday,LOCATION! Base Area Trails Right Outside your Door! GREAT RATES!,$372,$437,$3659,ðŸŸ°
01-20-2024,Saturday,"Ski-in/Ski-out, Panoramic ski slope views, Heated Garage",$575,$765,$5561,ðŸŸ°
01-20-2024,Saturday,Cozy Crested Butte Condo 50 Yards from Ski Lift!,$575,$704,$5708,ðŸŸ°
01-20-2024,Saturday,"Ski-In, Ski-Out Condo. Steps from the lift!",$275,$455,$2886,ðŸŸ°
01-20-2024,Saturday,Comfortable Condo close to Slopes with a Hot Tub!,$365,$429,$3666,â¬‡ï¸Ž (-411)
01-20-2024,Saturday,"Hot Tub, Close Walk to the Slopes!",$311,$366,$3080,â¬‡ï¸Ž (-351)
01-20-2024,Saturday,LOCATION! Base Area Trails Right Outside your Door! GREAT RATES!,$332,$390,$3275,â¬‡ï¸Ž (-384)
01-20-2024,Saturday,Cozy Crested Butte Condo 50 Yards from Ski Lift!,$629,$768,$6188,â¬†ï¸Ž (480)
01-21-2024,Sunday,Comfortable Condo close to Slopes with a Hot Tub!,$357,$420,$3590,â¬‡ï¸Ž (-76)
01-21-2024,Sunday,Easy Mountain - Mt Crested Butte,$196,$231,$2234,ðŸŸ°
01-21-2024,Sunday,"Hot Tub, Close Walk to the Slopes!",$304,$358,$3018,â¬‡ï¸Ž (-62)
01-21-2024,Sunday,LOCATION! Base Area Trails Right Outside your Door! GREAT RATES!,$325,$382,$3207,â¬‡ï¸Ž (-68)
01-21-2024,Sunday,"Ski-in/Ski-out, Panoramic ski slope views, Heated Garage",$575,$765,$5561,ðŸŸ°
01-21-2024,Sunday,Cozy Crested Butte Condo 50 Yards from Ski Lift!,$629,$768,$6188,ðŸŸ°
01-21-2024,Sunday,"Ski-In, Ski-Out Condo. Steps from the lift!",$275,$455,$2886,ðŸŸ°
01-21-2024,Sunday,Comfortable Condo close to Slopes with a Hot Tub!,$357,$420,$3590,ðŸŸ°
01-21-2024,Sunday,"Hot Tub, Close Walk to the Slopes!",$304,$358,$3018,ðŸŸ°
01-21-2024,Sunday,LOCATION! Base Area Trails Right Outside your Door! GREAT RATES!,$325,$382,$3207,ðŸŸ°
01-21-2024,Sunday,Cozy Crested Butte Condo 50 Yards from Ski Lift!,$632,$772,$6219,â¬†ï¸Ž (31)
01-22-2024,Monday,Comfortable Condo close to Slopes with a Hot Tub!,$357,$420,$3590,ðŸŸ°
01-22-2024,Monday,Easy Mountain - Mt Crested Butte,$196,$231,$2234,ðŸŸ°
01-22-2024,Monday,"Hot Tub, Close Walk to the Slopes!",$304,$358,$3018,ðŸŸ°
01-22-2024,Monday,LOCATION! Base Area Trails Right Outside your Door! GREAT RATES!,$325,$382,$3207,ðŸŸ°
01-22-2024,Monday,"Ski-in/Ski-out, Panoramic ski slope views, Heated Garage",$575,$765,$5561,ðŸŸ°
01-22-2024,Monday,Cozy Crested Butte Condo 50 Yards from Ski Lift!,$632,$772,$6219,ðŸŸ°
01-22-2024,Monday,"Ski-In, Ski-Out Condo. Steps from the lift!",$275,$455,$2886,ðŸŸ°
01-23-2024,Tuesday,Comfortable Condo close to Slopes with a Hot Tub!,$356,$418,$3575,â¬‡ï¸Ž (-15)
01-23-2024,Tuesday,Easy Mountain - Mt Crested Butte,$196,$231,$2234,ðŸŸ°
01-23-2024,Tuesday,"Hot Tub, Close Walk to the Slopes!",$303,$356,$3004,â¬‡ï¸Ž (-14)
01-23-2024,Tuesday,LOCATION! Base Area Trails Right Outside your Door! GREAT RATES!,$323,$380,$3194,â¬‡ï¸Ž (-13)
01-23-2024,Tuesday,"Ski-in/Ski-out, Panoramic ski slope views, Heated Garage",$575,$765,$5561,ðŸŸ°
01-23-2024,Tuesday,Cozy Crested Butte Condo 50 Yards from Ski Lift!,$636,$777,$6254,â¬†ï¸Ž (35)
01-23-2024,Tuesday,"Ski-In, Ski-Out Condo. Steps from the lift!",$275,$455,$2886,ðŸŸ°
01-23-2024,Tuesday,Comfortable Condo close to Slopes with a Hot Tub!,$356,$418,$3575,ðŸŸ°
01-23-2024,Tuesday,"Hot Tub, Close Walk to the Slopes!",$303,$356,$3004,ðŸŸ°
01-23-2024,Tuesday,LOCATION! Base Area Trails Right Outside your Door! GREAT RATES!,$323,$380,$3194,ðŸŸ°
01-23-2024,Tuesday,Cozy Crested Butte Condo 50 Yards from Ski Lift!,$636,$777,$6254,ðŸŸ°
01-23-2024,Tuesday,Comfortable Condo close to Slopes with a Hot Tub!,$441,$518,$4357,â¬†ï¸Ž (782)
01-23-2024,Tuesday,Easy Mountain - Mt Crested Butte,$205,$241,$2326,â¬†ï¸Ž (92)
01-23-2024,Tuesday,"Hot Tub, Close Walk to the Slopes!",$376,$442,$3685,â¬†ï¸Ž (681)
01-23-2024,Tuesday,LOCATION! Base Area Trails Right Outside your Door! GREAT RATES!,$400,$471,$3911,â¬†ï¸Ž (717)
01-23-2024,Tuesday,Cozy Crested Butte Condo 50 Yards from Ski Lift!,$675,$823,$6580,â¬†ï¸Ž (326)
01-23-2024,Tuesday,"Ski in/Ski Out, 50 Feet from Lift, Sleeps 7. New Luxury Remodel!!",$750,$945,$6853,â¬†ï¸Ž (6853)
01-24-2024,Wednesday,Comfortable Condo close to Slopes with a Hot Tub!,$441,$518,$4357,ðŸŸ°
01-24-2024,Wednesday,Easy Mountain - Mt Crested Butte,$205,$241,$2326,ðŸŸ°
01-24-2024,Wednesday,"Hot Tub, Close Walk to the Slopes!",$376,$442,$3685,ðŸŸ°
01-24-2024,Wednesday,LOCATION! Base Area Trails Right Outside your Door! GREAT RATES!,$400,$470,$3908,â¬‡ï¸Ž (-3)
01-24-2024,Wednesday,Cozy Crested Butte Condo 50 Yards from Ski Lift!,$675,$823,$6580,ðŸŸ°
01-24-2024,Wednesday,"Ski-In, Ski-Out Condo. Steps from the lift!",$275,$455,$2886,ðŸŸ°
01-24-2024,Wednesday,"Ski in/Ski Out, 50 Feet from Lift, Sleeps 7. New Luxury Remodel!!",$750,$945,$6853,ðŸŸ°
01-24-2024,Wednesday,LOCATION! Base Area Trails Right Outside your Door! GREAT RATES!,$400,$470,$3908,ðŸŸ°
01-24-2024,Wednesday,Cozy Crested Butte Condo 50 Yards from Ski Lift!,$680,$828,$6621,â¬†ï¸Ž (41)
01-25-2024,Thursday,Comfortable Condo close to Slopes with a Hot Tub!,$441,$518,$4357,ðŸŸ°
01-25-2024,Thursday,Easy Mountain - Mt Crested Butte,$205,$241,$2326,ðŸŸ°
01-25-2024,Thursday,"Hot Tub, Close Walk to the Slopes!",$376,$442,$3685,ðŸŸ°
01-25-2024,Thursday,LOCATION! Base Area Trails Right Outside your Door! GREAT RATES!,$400,$470,$3908,ðŸŸ°
01-25-2024,Thursday,Cozy Crested Butte Condo 50 Yards from Ski Lift!,$680,$828,$6621,ðŸŸ°
01-25-2024,Thursday,"Ski-In, Ski-Out Condo. Steps from the lift!",$275,$455,$2886,ðŸŸ°
01-25-2024,Thursday,"Ski in/Ski Out, 50 Feet from Lift, Sleeps 7. New Luxury Remodel!!",$750,$945,$6853,ðŸŸ°
01-25-2024,Thursday,"Hot Tub, Close Walk to the Slopes!",$375,$442,$3683,â¬‡ï¸Ž (-2)
01-25-2024,Thursday,Cozy Crested Butte Condo 50 Yards from Ski Lift!,$682,$831,$6640,â¬†ï¸Ž (19)
01-26-2024,Friday,Comfortable Condo close to Slopes with a Hot Tub!,$441,$518,$4357,ðŸŸ°
01-26-2024,Friday,Easy Mountain - Mt Crested Butte,$205,$241,$2326,ðŸŸ°
01-26-2024,Friday,"Hot Tub, Close Walk to the Slopes!",$375,$442,$3683,ðŸŸ°
01-26-2024,Friday,LOCATION! Base Area Trails Right Outside your Door! GREAT RATES!,$400,$470,$3908,ðŸŸ°
01-26-2024,Friday,Cozy Crested Butte Condo 50 Yards from Ski Lift!,$685,$834,$6662,â¬†ï¸Ž (22)
01-26-2024,Friday,"Ski-In, Ski-Out Condo. Steps from the lift!",$275,$455,$2886,ðŸŸ°
01-26-2024,Friday,"Ski in/Ski Out, 50 Feet from Lift, Sleeps 7. New Luxury Remodel!!",$750,$945,$6853,ðŸŸ°
01-26-2024,Friday,Comfortable Condo close to Slopes with a Hot Tub!,$441,$518,$4358,â¬†ï¸Ž (1)
01-26-2024,Friday,"Hot Tub, Close Walk to the Slopes!",$378,$445,$3708,â¬†ï¸Ž (25)
01-26-2024,Friday,LOCATION! Base Area Trails Right Outside your Door! GREAT RATES!,$404,$475,$3943,â¬†ï¸Ž (35)
01-26-2024,Friday,Cozy Crested Butte Condo 50 Yards from Ski Lift!,$685,$834,$6662,ðŸŸ°
01-27-2024,Saturday,Comfortable Condo close to Slopes with a Hot Tub!,$444,$523,$4391,â¬†ï¸Ž (33)
01-27-2024,Saturday,Easy Mountain - Mt Crested Butte,$205,$241,$2326,ðŸŸ°
01-27-2024,Saturday,"Hot Tub, Close Walk to the Slopes!",$378,$445,$3708,ðŸŸ°
01-27-2024,Saturday,LOCATION! Base Area Trails Right Outside your Door! GREAT RATES!,$404,$475,$3943,ðŸŸ°
01-27-2024,Saturday,Cozy Crested Butte Condo 50 Yards from Ski Lift!,$685,$834,$6662,ðŸŸ°
01-27-2024,Saturday,"Ski-In, Ski-Out Condo. Steps from the lift!",$275,$455,$2886,ðŸŸ°
01-27-2024,Saturday,"Ski in/Ski Out, 50 Feet from Lift, Sleeps 7. New Luxury Remodel!!",$750,$945,$6853,ðŸŸ°
01-30-2024,Tuesday,Comfortable Condo close to Slopes with a Hot Tub!,$444,$523,$4391,ðŸŸ°
01-30-2024,Tuesday,Easy Mountain - Mt Crested Butte,$205,$241,$2326,ðŸŸ°
01-30-2024,Tuesday,"Hot Tub, Close Walk to the Slopes!",$378,$445,$3706,â¬‡ï¸Ž (-2)
01-30-2024,Tuesday,LOCATION! Base Area Trails Right Outside your Door! GREAT RATES!,$404,$475,$3943,ðŸŸ°
01-30-2024,Tuesday,Cozy Crested Butte Condo 50 Yards from Ski Lift!,$699,$850,$6778,â¬†ï¸Ž (116)
01-30-2024,Tuesday,"Ski-In, Ski-Out Condo. Steps from the lift!",$275,$455,$2886,ðŸŸ°
01-30-2024,Tuesday,"Ski in/Ski Out, 50 Feet from Lift, Sleeps 7. New Luxury Remodel!!",$750,$945,$6853,ðŸŸ°
01-30-2024,Tuesday,"Hot Tub, Close Walk to the Slopes!",$378,$445,$3706,ðŸŸ°
01-30-2024,Tuesday,Cozy Crested Butte Condo 50 Yards from Ski Lift!,$699,$850,$6778,ðŸŸ°
01-31-2024,Wednesday,Comfortable Condo close to Slopes with a Hot Tub!,$444,$523,$4391,ðŸŸ°
01-31-2024,Wednesday,Easy Mountain - Mt Crested Butte,$205,$241,$2326,ðŸŸ°
01-31-2024,Wednesday,"Hot Tub, Close Walk to the Slopes!",$378,$445,$3706,ðŸŸ°
01-31-2024,Wednesday,LOCATION! Base Area Trails Right Outside your Door! GREAT RATES!,$404,$475,$3943,ðŸŸ°
01-31-2024,Wednesday,Cozy Crested Butte Condo 50 Yards from Ski Lift!,$699,$850,$6778,ðŸŸ°
01-31-2024,Wednesday,"Ski-In, Ski-Out Condo. Steps from the lift!",$275,$455,$2886,ðŸŸ°
01-31-2024,Wednesday,"Ski in/Ski Out, 50 Feet from Lift, Sleeps 7. New Luxury Remodel!!",$750,$945,$6853,ðŸŸ°
01-31-2024,Wednesday,Comfortable Condo close to Slopes with a Hot Tub!,$445,$523,$4392,â¬†ï¸Ž (1)
01-31-2024,Wednesday,LOCATION! Base Area Trails Right Outside your Door! GREAT RATES!,$404,$475,$3948,â¬†ï¸Ž (5)
01-31-2024,Wednesday,Cozy Crested Butte Condo 50 Yards from Ski Lift!,$700,$851,$6789,â¬†ï¸Ž (11)
02-2-2024,Friday,Comfortable Condo close to Slopes with a Hot Tub!,$445,$523,$4392,ðŸŸ°
02-2-2024,Friday,Easy Mountain - Mt Crested Butte,$205,$241,$2326,ðŸŸ°
02-2-2024,Friday,"Hot Tub, Close Walk to the Slopes!",$378,$445,$3707,â¬†ï¸Ž (1)
02-2-2024,Friday,LOCATION! Base Area Trails Right Outside your Door! GREAT RATES!,$404,$475,$3943,â¬‡ï¸Ž (-5)
02-2-2024,Friday,Cozy Crested Butte Condo 50 Yards from Ski Lift!,$699,$851,$6786,â¬‡ï¸Ž (-3)
02-2-2024,Friday,"Ski-In, Ski-Out Condo. Steps from the lift!",$275,$455,$2886,ðŸŸ°
02-2-2024,Friday,"Ski in/Ski Out, 50 Feet from Lift, Sleeps 7. New Luxury Remodel!!",$750,$945,$6853,ðŸŸ°
02-2-2024,Friday,"Hot Tub, Close Walk to the Slopes!",$378,$445,$3707,ðŸŸ°
02-2-2024,Friday,LOCATION! Base Area Trails Right Outside your Door! GREAT RATES!,$404,$475,$3943,ðŸŸ°
02-2-2024,Friday,Cozy Crested Butte Condo 50 Yards from Ski Lift!,$699,$851,$6786,ðŸŸ°
02-2-2024,Friday,Comfortable Condo close to Slopes with a Hot Tub!,$444,$523,$4391,â¬‡ï¸Ž (-1)
02-2-2024,Friday,LOCATION! Base Area Trails Right Outside your Door! GREAT RATES!,$404,$475,$3944,â¬†ï¸Ž (1)
02-2-2024,Friday,Cozy Crested Butte Condo 50 Yards from Ski Lift!,$699,$850,$6781,â¬‡ï¸Ž (-5)
02-3-2024,Saturday,Comfortable Condo close to Slopes with a Hot Tub!,$444,$523,$4391,ðŸŸ°
02-3-2024,Saturday,Easy Mountain - Mt Crested Butte,$205,$241,$2326,ðŸŸ°
02-3-2024,Saturday,"Hot Tub, Close Walk to the Slopes!",$378,$445,$3708,â¬†ï¸Ž (1)
02-3-2024,Saturday,LOCATION! Base Area Trails Right Outside your Door! GREAT RATES!,$404,$475,$3943,â¬‡ï¸Ž (-1)
02-3-2024,Saturday,Cozy Crested Butte Condo 50 Yards from Ski Lift!,$699,$850,$6781,ðŸŸ°
02-3-2024,Saturday,"Ski-In, Ski-Out Condo. Steps from the lift!",$275,$455,$2886,ðŸŸ°
02-3-2024,Saturday,"Ski in/Ski Out, 50 Feet from Lift, Sleeps 7. New Luxury Remodel!!",$750,$945,$6853,ðŸŸ°
02-3-2024,Saturday,Comfortable Condo close to Slopes with a Hot Tub!,$445,$523,$4392,â¬†ï¸Ž (1)
02-3-2024,Saturday,"Hot Tub, Close Walk to the Slopes!",$378,$445,$3708,ðŸŸ°
02-3-2024,Saturday,LOCATION! Base Area Trails Right Outside your Door! GREAT RATES!,$404,$475,$3943,ðŸŸ°
02-3-2024,Saturday,Cozy Crested Butte Condo 50 Yards from Ski Lift!,$699,$850,$6778,â¬‡ï¸Ž (-3)
02-4-2024,Sunday,Comfortable Condo close to Slopes with a Hot Tub!,$445,$523,$4392,ðŸŸ°
02-4-2024,Sunday,Easy Mountain - Mt Crested Butte,$205,$241,$2326,ðŸŸ°
02-4-2024,Sunday,"Hot Tub, Close Walk to the Slopes!",$378,$445,$3708,ðŸŸ°
02-4-2024,Sunday,LOCATION! Base Area Trails Right Outside your Door! GREAT RATES!,$404,$475,$3943,ðŸŸ°
02-4-2024,Sunday,Cozy Crested Butte Condo 50 Yards from Ski Lift!,$699,$850,$6778,ðŸŸ°
02-4-2024,Sunday,"Ski in/Ski Out, 50 Feet from Lift, Sleeps 7. New Luxury Remodel!!",$750,$945,$6853,ðŸŸ°
02-5-2024,Monday,Comfortable Condo close to Slopes with a Hot Tub!,$445,$523,$4392,ðŸŸ°
02-5-2024,Monday,Easy Mountain - Mt Crested Butte,$205,$241,$2326,ðŸŸ°
02-5-2024,Monday,"Hot Tub, Close Walk to the Slopes!",$381,$448,$3730,â¬†ï¸Ž (22)
02-5-2024,Monday,LOCATION! Base Area Trails Right Outside your Door! GREAT RATES!,$406,$478,$3967,â¬†ï¸Ž (24)
02-5-2024,Monday,Cozy Crested Butte Condo 50 Yards from Ski Lift!,$699,$850,$6778,ðŸŸ°
02-5-2024,Monday,"Ski in/Ski Out, 50 Feet from Lift, Sleeps 7. New Luxury Remodel!!",$750,$945,$6853,ðŸŸ°
02-5-2024,Monday,Comfortable Condo close to Slopes with a Hot Tub!,$448,$527,$4421,â¬†ï¸Ž (29)
02-5-2024,Monday,"Hot Tub, Close Walk to the Slopes!",$381,$448,$3730,ðŸŸ°
02-5-2024,Monday,LOCATION! Base Area Trails Right Outside your Door! GREAT RATES!,$406,$478,$3967,ðŸŸ°
02-5-2024,Monday,Cozy Crested Butte Condo 50 Yards from Ski Lift!,$698,$849,$6773,â¬‡ï¸Ž (-5)
02-6-2024,Tuesday,Comfortable Condo close to Slopes with a Hot Tub!,$448,$527,$4421,ðŸŸ°
02-6-2024,Tuesday,Easy Mountain - Mt Crested Butte,$205,$241,$2326,ðŸŸ°
02-6-2024,Tuesday,"Hot Tub, Close Walk to the Slopes!",$381,$448,$3730,ðŸŸ°
02-6-2024,Tuesday,LOCATION! Base Area Trails Right Outside your Door! GREAT RATES!,$406,$478,$3967,ðŸŸ°
02-6-2024,Tuesday,Cozy Crested Butte Condo 50 Yards from Ski Lift!,$698,$849,$6773,ðŸŸ°
02-6-2024,Tuesday,"Ski in/Ski Out, 50 Feet from Lift, Sleeps 7. New Luxury Remodel!!",$750,$945,$6853,ðŸŸ°
02-7-2024,Wednesday,Comfortable Condo close to Slopes with a Hot Tub!,$448,$527,$4421,ðŸŸ°
02-7-2024,Wednesday,Easy Mountain - Mt Crested Butte,$205,$241,$2326,ðŸŸ°
02-7-2024,Wednesday,"Hot Tub, Close Walk to the Slopes!",$381,$448,$3730,ðŸŸ°
02-7-2024,Wednesday,LOCATION! Base Area Trails Right Outside your Door! GREAT RATES!,$406,$478,$3967,ðŸŸ°
02-7-2024,Wednesday,Cozy Crested Butte Condo 50 Yards from Ski Lift!,$698,$849,$6773,ðŸŸ°
02-7-2024,Wednesday,"Ski in/Ski Out, 50 Feet from Lift, Sleeps 7. New Luxury Remodel!!",$750,$945,$6853,ðŸŸ°
02-7-2024,Wednesday,"Hot Tub, Close Walk to the Slopes!",$381,$448,$3733,â¬†ï¸Ž (3)
02-7-2024,Wednesday,LOCATION! Base Area Trails Right Outside your Door! GREAT RATES!,$406,$477,$3965,â¬‡ï¸Ž (-2)
02-8-2024,Thursday,Comfortable Condo close to Slopes with a Hot Tub!,$448,$527,$4421,ðŸŸ°
02-8-2024,Thursday,Easy Mountain - Mt Crested Butte,$205,$241,$2326,ðŸŸ°
02-8-2024,Thursday,"Hot Tub, Close Walk to the Slopes!",$381,$448,$3733,ðŸŸ°
02-8-2024,Thursday,LOCATION! Base Area Trails Right Outside your Door! GREAT RATES!,$406,$477,$3965,ðŸŸ°
02-8-2024,Thursday,Cozy Crested Butte Condo 50 Yards from Ski Lift!,$705,$857,$6833,â¬†ï¸Ž (60)
02-8-2024,Thursday,"Ski in/Ski Out, 50 Feet from Lift, Sleeps 7. New Luxury Remodel!!",$750,$945,$6853,ðŸŸ°
02-8-2024,Thursday,Cozy Crested Butte Condo 50 Yards from Ski Lift!,$699,$850,$6778,â¬‡ï¸Ž (-55)
02-9-2024,Friday,Comfortable Condo close to Slopes with a Hot Tub!,$448,$527,$4421,ðŸŸ°
02-9-2024,Friday,Easy Mountain - Mt Crested Butte,$205,$241,$2326,ðŸŸ°
02-9-2024,Friday,"Hot Tub, Close Walk to the Slopes!",$381,$448,$3733,ðŸŸ°
02-9-2024,Friday,LOCATION! Base Area Trails Right Outside your Door! GREAT RATES!,$406,$477,$3965,ðŸŸ°
02-9-2024,Friday,Cozy Crested Butte Condo 50 Yards from Ski Lift!,$749,$909,$7356,â¬†ï¸Ž (578)
02-9-2024,Friday,"Ski in/Ski Out, 50 Feet from Lift, Sleeps 7. New Luxury Remodel!!",$750,$945,$6853,ðŸŸ°
02-9-2024,Friday,Cozy Crested Butte Condo 50 Yards from Ski Lift!,$700,$852,$6793,â¬‡ï¸Ž (-563)
02-10-2024,Saturday,Comfortable Condo close to Slopes with a Hot Tub!,$448,$527,$4421,ðŸŸ°
02-10-2024,Saturday,Easy Mountain - Mt Crested Butte,$205,$241,$2326,ðŸŸ°
02-10-2024,Saturday,"Hot Tub, Close Walk to the Slopes!",$381,$448,$3733,ðŸŸ°
02-10-2024,Saturday,LOCATION! Base Area Trails Right Outside your Door! GREAT RATES!,$406,$477,$3965,ðŸŸ°
02-10-2024,Saturday,Cozy Crested Butte Condo 50 Yards from Ski Lift!,$700,$852,$6793,ðŸŸ°
02-10-2024,Saturday,"Ski in/Ski Out, 50 Feet from Lift, Sleeps 7. New Luxury Remodel!!",$750,$945,$6853,ðŸŸ°
02-10-2024,Saturday,Comfortable Condo close to Slopes with a Hot Tub!,$428,$503,$4238,â¬‡ï¸Ž (-183)
02-10-2024,Saturday,"Hot Tub, Close Walk to the Slopes!",$364,$428,$3585,â¬‡ï¸Ž (-148)
02-10-2024,Saturday,LOCATION! Base Area Trails Right Outside your Door! GREAT RATES!,$388,$456,$3799,â¬‡ï¸Ž (-166)
02-10-2024,Saturday,Cozy Crested Butte Condo 50 Yards from Ski Lift!,$700,$851,$6789,â¬‡ï¸Ž (-4)
02-11-2024,Sunday,Comfortable Condo close to Slopes with a Hot Tub!,$428,$503,$4238,ðŸŸ°
02-11-2024,Sunday,Easy Mountain - Mt Crested Butte,$205,$241,$2326,ðŸŸ°
02-11-2024,Sunday,"Hot Tub, Close Walk to the Slopes!",$364,$428,$3585,ðŸŸ°
02-11-2024,Sunday,LOCATION! Base Area Trails Right Outside your Door! GREAT RATES!,$388,$456,$3799,ðŸŸ°
02-11-2024,Sunday,Cozy Crested Butte Condo 50 Yards from Ski Lift!,$700,$851,$6789,ðŸŸ°
02-11-2024,Sunday,"Ski in/Ski Out, 50 Feet from Lift, Sleeps 7. New Luxury Remodel!!",$750,$945,$6853,ðŸŸ°
02-11-2024,Sunday,Cozy Crested Butte Condo 50 Yards from Ski Lift!,$701,$852,$6796,â¬†ï¸Ž (7)
02-12-2024,Monday,Comfortable Condo close to Slopes with a Hot Tub!,$428,$503,$4238,ðŸŸ°
02-12-2024,Monday,Easy Mountain - Mt Crested Butte,$205,$241,$2326,ðŸŸ°
02-12-2024,Monday,"Hot Tub, Close Walk to the Slopes!",$364,$428,$3585,ðŸŸ°
02-12-2024,Monday,LOCATION! Base Area Trails Right Outside your Door! GREAT RATES!,$388,$456,$3799,ðŸŸ°
02-12-2024,Monday,Cozy Crested Butte Condo 50 Yards from Ski Lift!,$701,$852,$6796,ðŸŸ°
02-12-2024,Monday,"Ski in/Ski Out, 50 Feet from Lift, Sleeps 7. New Luxury Remodel!!",$750,$945,$6853,ðŸŸ°
02-12-2024,Monday,Cozy Crested Butte Condo 50 Yards from Ski Lift!,$703,$854,$6812,â¬†ï¸Ž (16)
02-13-2024,Tuesday,Comfortable Condo close to Slopes with a Hot Tub!,$428,$503,$4238,ðŸŸ°
02-13-2024,Tuesday,Easy Mountain - Mt Crested Butte,$205,$241,$2326,ðŸŸ°
02-13-2024,Tuesday,"Hot Tub, Close Walk to the Slopes!",$364,$428,$3585,ðŸŸ°
02-13-2024,Tuesday,LOCATION! Base Area Trails Right Outside your Door! GREAT RATES!,$388,$456,$3799,ðŸŸ°
02-13-2024,Tuesday,Cozy Crested Butte Condo 50 Yards from Ski Lift!,$703,$854,$6812,ðŸŸ°
02-13-2024,Tuesday,"Ski in/Ski Out, 50 Feet from Lift, Sleeps 7. New Luxury Remodel!!",$750,$945,$6853,ðŸŸ°
02-13-2024,Tuesday,Comfortable Condo close to Slopes with a Hot Tub!,$430,$506,$4257,â¬†ï¸Ž (19)
02-13-2024,Tuesday,"Hot Tub, Close Walk to the Slopes!",$365,$430,$3596,â¬†ï¸Ž (11)
02-13-2024,Tuesday,LOCATION! Base Area Trails Right Outside your Door! GREAT RATES!,$390,$458,$3815,â¬†ï¸Ž (16)
02-13-2024,Tuesday,Cozy Crested Butte Condo 50 Yards from Ski Lift!,$721,$876,$6971,â¬†ï¸Ž (159)
02-14-2024,Wednesday,Comfortable Condo close to Slopes with a Hot Tub!,$430,$506,$4257,ðŸŸ°
02-14-2024,Wednesday,Easy Mountain - Mt Crested Butte,$205,$241,$2326,ðŸŸ°
02-14-2024,Wednesday,"Hot Tub, Close Walk to the Slopes!",$365,$430,$3596,ðŸŸ°
02-14-2024,Wednesday,LOCATION! Base Area Trails Right Outside your Door! GREAT RATES!,$390,$458,$3815,ðŸŸ°
02-14-2024,Wednesday,Cozy Crested Butte Condo 50 Yards from Ski Lift!,$722,$877,$6975,â¬†ï¸Ž (4)
02-14-2024,Wednesday,"Ski in/Ski Out, 50 Feet from Lift, Sleeps 7. New Luxury Remodel!!",$750,$945,$6853,ðŸŸ°
02-14-2024,Wednesday,"Hot Tub, Close Walk to the Slopes!",$366,$430,$3597,â¬†ï¸Ž (1)
02-14-2024,Wednesday,LOCATION! Base Area Trails Right Outside your Door! GREAT RATES!,$390,$459,$3817,â¬†ï¸Ž (2)
02-14-2024,Wednesday,Cozy Crested Butte Condo 50 Yards from Ski Lift!,$722,$877,$6978,â¬†ï¸Ž (3)
02-15-2024,Thursday,Comfortable Condo close to Slopes with a Hot Tub!,$430,$506,$4257,ðŸŸ°
02-15-2024,Thursday,Easy Mountain - Mt Crested Butte,$205,$241,$2326,ðŸŸ°
02-15-2024,Thursday,"Hot Tub, Close Walk to the Slopes!",$366,$430,$3597,ðŸŸ°
02-15-2024,Thursday,LOCATION! Base Area Trails Right Outside your Door! GREAT RATES!,$390,$459,$3817,ðŸŸ°
02-15-2024,Thursday,Cozy Crested Butte Condo 50 Yards from Ski Lift!,$728,$884,$7027,â¬†ï¸Ž (49)
02-15-2024,Thursday,"Ski in/Ski Out, 50 Feet from Lift, Sleeps 7. New Luxury Remodel!!",$750,$945,$6853,ðŸŸ°
02-15-2024,Thursday,Cozy Crested Butte Condo 50 Yards from Ski Lift!,$723,$878,$6984,â¬‡ï¸Ž (-43)
02-16-2024,Friday,Comfortable Condo close to Slopes with a Hot Tub!,$450,$529,$4479,â¬†ï¸Ž (222)
02-16-2024,Friday,Easy Mountain - Mt Crested Butte,$205,$241,$2326,ðŸŸ°
02-16-2024,Friday,"Hot Tub, Close Walk to the Slopes!",$380,$447,$3721,â¬†ï¸Ž (124)
02-16-2024,Friday,LOCATION! Base Area Trails Right Outside your Door! GREAT RATES!,$389,$457,$3803,â¬‡ï¸Ž (-14)
02-16-2024,Friday,Cozy Crested Butte Condo 50 Yards from Ski Lift!,$723,$878,$6984,ðŸŸ°
02-16-2024,Friday,"Ski in/Ski Out, 50 Feet from Lift, Sleeps 7. New Luxury Remodel!!",$750,$945,$6853,ðŸŸ°
02-16-2024,Friday,Comfortable Condo close to Slopes with a Hot Tub!,$450,$529,$4479,ðŸŸ°
02-16-2024,Friday,"Hot Tub, Close Walk to the Slopes!",$380,$447,$3721,ðŸŸ°
02-16-2024,Friday,LOCATION! Base Area Trails Right Outside your Door! GREAT RATES!,$389,$457,$3803,ðŸŸ°
02-16-2024,Friday,Cozy Crested Butte Condo 50 Yards from Ski Lift!,$722,$877,$6978,â¬‡ï¸Ž (-6)
02-17-2024,Saturday,Comfortable Condo close to Slopes with a Hot Tub!,$450,$529,$4481,â¬†ï¸Ž (2)
02-17-2024,Saturday,Easy Mountain - Mt Crested Butte,$205,$241,$2326,ðŸŸ°
02-17-2024,Saturday,"Hot Tub, Close Walk to the Slopes!",$380,$446,$3720,â¬‡ï¸Ž (-1)
02-17-2024,Saturday,LOCATION! Base Area Trails Right Outside your Door! GREAT RATES!,$389,$457,$3805,â¬†ï¸Ž (2)
02-17-2024,Saturday,Cozy Crested Butte Condo 50 Yards from Ski Lift!,$732,$889,$7062,â¬†ï¸Ž (84)
02-17-2024,Saturday,"Ski in/Ski Out, 50 Feet from Lift, Sleeps 7. New Luxury Remodel!!",$750,$945,$6853,ðŸŸ°
02-17-2024,Saturday,Comfortable Condo close to Slopes with a Hot Tub!,$450,$529,$4479,â¬‡ï¸Ž (-2)
02-17-2024,Saturday,"Hot Tub, Close Walk to the Slopes!",$380,$447,$3721,â¬†ï¸Ž (1)
02-17-2024,Saturday,LOCATION! Base Area Trails Right Outside your Door! GREAT RATES!,$389,$457,$3803,â¬‡ï¸Ž (-2)
02-17-2024,Saturday,Cozy Crested Butte Condo 50 Yards from Ski Lift!,$723,$878,$6987,â¬‡ï¸Ž (-75)
02-18-2024,Sunday,Comfortable Condo close to Slopes with a Hot Tub!,$450,$529,$4479,ðŸŸ°
02-18-2024,Sunday,Easy Mountain - Mt Crested Butte,$205,$241,$2326,ðŸŸ°
02-18-2024,Sunday,"Hot Tub, Close Walk to the Slopes!",$380,$446,$3720,â¬‡ï¸Ž (-1)
02-18-2024,Sunday,LOCATION! Base Area Trails Right Outside your Door! GREAT RATES!,$389,$457,$3805,â¬†ï¸Ž (2)
02-18-2024,Sunday,Cozy Crested Butte Condo 50 Yards from Ski Lift!,$745,$904,$7317,â¬†ï¸Ž (330)
02-18-2024,Sunday,"Ski in/Ski Out, 50 Feet from Lift, Sleeps 7. New Luxury Remodel!!",$750,$945,$6853,ðŸŸ°
02-18-2024,Sunday,"Hot Tub, Close Walk to the Slopes!",$380,$446,$3720,ðŸŸ°
02-18-2024,Sunday,LOCATION! Base Area Trails Right Outside your Door! GREAT RATES!,$389,$457,$3805,ðŸŸ°
02-18-2024,Sunday,Cozy Crested Butte Condo 50 Yards from Ski Lift!,$721,$876,$6968,â¬‡ï¸Ž (-349)
02-19-2024,Monday,Comfortable Condo close to Slopes with a Hot Tub!,$450,$529,$4481,â¬†ï¸Ž (2)
02-19-2024,Monday,Easy Mountain - Mt Crested Butte,$205,$241,$2326,ðŸŸ°
02-19-2024,Monday,"Hot Tub, Close Walk to the Slopes!",$380,$447,$3724,â¬†ï¸Ž (4)
02-19-2024,Monday,LOCATION! Base Area Trails Right Outside your Door! GREAT RATES!,$389,$457,$3805,ðŸŸ°
02-19-2024,Monday,Cozy Crested Butte Condo 50 Yards from Ski Lift!,$721,$876,$6968,ðŸŸ°
02-19-2024,Monday,"Ski in/Ski Out, 50 Feet from Lift, Sleeps 7. New Luxury Remodel!!",$750,$945,$6853,ðŸŸ°
02-19-2024,Monday,Comfortable Condo close to Slopes with a Hot Tub!,$450,$529,$4481,ðŸŸ°
02-19-2024,Monday,"Hot Tub, Close Walk to the Slopes!",$380,$447,$3724,ðŸŸ°
02-19-2024,Monday,Cozy Crested Butte Condo 50 Yards from Ski Lift!,$721,$876,$6971,â¬†ï¸Ž (3)
02-20-2024,Tuesday,Comfortable Condo close to Slopes with a Hot Tub!,$450,$529,$4481,ðŸŸ°
02-20-2024,Tuesday,Easy Mountain - Mt Crested Butte,$205,$241,$2326,ðŸŸ°
02-20-2024,Tuesday,"Hot Tub, Close Walk to the Slopes!",$380,$447,$3724,ðŸŸ°
02-20-2024,Tuesday,LOCATION! Base Area Trails Right Outside your Door! GREAT RATES!,$389,$457,$3805,ðŸŸ°
02-20-2024,Tuesday,Cozy Crested Butte Condo 50 Yards from Ski Lift!,$727,$883,$7022,â¬†ï¸Ž (51)
02-20-2024,Tuesday,"Ski in/Ski Out, 50 Feet from Lift, Sleeps 7. New Luxury Remodel!!",$750,$945,$6853,ðŸŸ°
02-20-2024,Tuesday,Comfortable Condo close to Slopes with a Hot Tub!,$450,$529,$4484,â¬†ï¸Ž (3)
02-20-2024,Tuesday,"Hot Tub, Close Walk to the Slopes!",$380,$447,$3721,â¬‡ï¸Ž (-3)
02-20-2024,Tuesday,Cozy Crested Butte Condo 50 Yards from Ski Lift!,$722,$877,$6975,â¬‡ï¸Ž (-47)
02-22-2024,Thursday,Comfortable Condo close to Slopes with a Hot Tub!,$446,$524,$4404,â¬‡ï¸Ž (-80)
02-22-2024,Thursday,Easy Mountain - Mt Crested Butte,$205,$241,$2326,ðŸŸ°
02-22-2024,Thursday,"Hot Tub, Close Walk to the Slopes!",$376,$443,$3690,â¬‡ï¸Ž (-31)
02-22-2024,Thursday,LOCATION! Base Area Trails Right Outside your Door! GREAT RATES!,$385,$453,$3774,â¬‡ï¸Ž (-31)
02-22-2024,Thursday,Cozy Crested Butte Condo 50 Yards from Ski Lift!,$723,$878,$6984,â¬†ï¸Ž (9)
02-22-2024,Thursday,"Ski in/Ski Out, 50 Feet from Lift, Sleeps 7. New Luxury Remodel!!",$750,$945,$6853,ðŸŸ°
02-22-2024,Thursday,Comfortable Condo close to Slopes with a Hot Tub!,$446,$524,$4404,ðŸŸ°
02-22-2024,Thursday,"Hot Tub, Close Walk to the Slopes!",$376,$443,$3690,ðŸŸ°
02-22-2024,Thursday,LOCATION! Base Area Trails Right Outside your Door! GREAT RATES!,$385,$453,$3774,ðŸŸ°
02-22-2024,Thursday,Cozy Crested Butte Condo 50 Yards from Ski Lift!,$723,$878,$6984,ðŸŸ°
02-22-2024,Thursday,"Hot Tub, Close Walk to the Slopes!",$376,$443,$3691,â¬†ï¸Ž (1)
02-23-2024,Friday,Comfortable Condo close to Slopes with a Hot Tub!,$446,$524,$4401,â¬‡ï¸Ž (-3)
02-23-2024,Friday,Easy Mountain - Mt Crested Butte,$205,$241,$2326,ðŸŸ°
02-23-2024,Friday,"Hot Tub, Close Walk to the Slopes!",$376,$443,$3691,ðŸŸ°
02-23-2024,Friday,LOCATION! Base Area Trails Right Outside your Door! GREAT RATES!,$385,$453,$3774,ðŸŸ°
02-23-2024,Friday,Cozy Crested Butte Condo 50 Yards from Ski Lift!,$723,$878,$6984,ðŸŸ°
02-23-2024,Friday,"Ski in/Ski Out, 50 Feet from Lift, Sleeps 7. New Luxury Remodel!!",$750,$945,$6853,ðŸŸ°
02-23-2024,Friday,Comfortable Condo close to Slopes with a Hot Tub!,$446,$524,$4401,ðŸŸ°
02-23-2024,Friday,Cozy Crested Butte Condo 50 Yards from Ski Lift!,$723,$878,$6987,â¬†ï¸Ž (3)
02-24-2024,Saturday,Comfortable Condo close to Slopes with a Hot Tub!,$446,$524,$4402,â¬†ï¸Ž (1)
02-24-2024,Saturday,Easy Mountain - Mt Crested Butte,$205,$241,$2326,ðŸŸ°
02-24-2024,Saturday,"Hot Tub, Close Walk to the Slopes!",$376,$443,$3690,â¬‡ï¸Ž (-1)
02-24-2024,Saturday,LOCATION! Base Area Trails Right Outside your Door! GREAT RATES!,$386,$453,$3775,â¬†ï¸Ž (1)
02-24-2024,Saturday,Cozy Crested Butte Condo 50 Yards from Ski Lift!,$723,$878,$6987,ðŸŸ°
02-24-2024,Saturday,"Ski in/Ski Out, 50 Feet from Lift, Sleeps 7. New Luxury Remodel!!",$750,$945,$6853,ðŸŸ°
02-24-2024,Saturday,Comfortable Condo close to Slopes with a Hot Tub!,$457,$538,$4551,â¬†ï¸Ž (149)
02-24-2024,Saturday,"Hot Tub, Close Walk to the Slopes!",$386,$454,$3779,â¬†ï¸Ž (89)
02-24-2024,Saturday,LOCATION! Base Area Trails Right Outside your Door! GREAT RATES!,$395,$465,$3864,â¬†ï¸Ž (89)
02-25-2024,Sunday,Comfortable Condo close to Slopes with a Hot Tub!,$457,$538,$4551,ðŸŸ°
02-25-2024,Sunday,Easy Mountain - Mt Crested Butte,$205,$241,$2326,ðŸŸ°
02-25-2024,Sunday,"Hot Tub, Close Walk to the Slopes!",$386,$454,$3779,ðŸŸ°
02-25-2024,Sunday,LOCATION! Base Area Trails Right Outside your Door! GREAT RATES!,$395,$465,$3864,ðŸŸ°
02-25-2024,Sunday,Cozy Crested Butte Condo 50 Yards from Ski Lift!,$723,$878,$6987,ðŸŸ°
02-25-2024,Sunday,"Ski in/Ski Out, 50 Feet from Lift, Sleeps 7. New Luxury Remodel!!",$750,$945,$6853,ðŸŸ°
02-25-2024,Sunday,Comfortable Condo close to Slopes with a Hot Tub!,$457,$538,$4552,â¬†ï¸Ž (1)
02-25-2024,Sunday,"Hot Tub, Close Walk to the Slopes!",$386,$454,$3778,â¬‡ï¸Ž (-1)
02-25-2024,Sunday,Cozy Crested Butte Condo 50 Yards from Ski Lift!,$724,$879,$6992,â¬†ï¸Ž (5)
02-26-2024,Monday,Comfortable Condo close to Slopes with a Hot Tub!,$457,$538,$4552,ðŸŸ°
02-26-2024,Monday,Easy Mountain - Mt Crested Butte,$205,$241,$2326,ðŸŸ°
02-26-2024,Monday,"Hot Tub, Close Walk to the Slopes!",$386,$454,$3778,ðŸŸ°
02-26-2024,Monday,LOCATION! Base Area Trails Right Outside your Door! GREAT RATES!,$395,$465,$3864,ðŸŸ°
02-26-2024,Monday,Cozy Crested Butte Condo 50 Yards from Ski Lift!,$745,$904,$7317,â¬†ï¸Ž (325)
02-26-2024,Monday,"Ski in/Ski Out, 50 Feet from Lift, Sleeps 7. New Luxury Remodel!!",$750,$945,$6853,ðŸŸ°
02-26-2024,Monday,Comfortable Condo close to Slopes with a Hot Tub!,$457,$538,$4551,â¬‡ï¸Ž (-1)
02-26-2024,Monday,"Hot Tub, Close Walk to the Slopes!",$385,$453,$3774,â¬‡ï¸Ž (-4)
02-26-2024,Monday,Cozy Crested Butte Condo 50 Yards from Ski Lift!,$745,$904,$7317,ðŸŸ°
02-27-2024,Tuesday,Comfortable Condo close to Slopes with a Hot Tub!,$457,$538,$4551,ðŸŸ°
02-27-2024,Tuesday,Easy Mountain - Mt Crested Butte,$205,$241,$2326,ðŸŸ°
02-27-2024,Tuesday,"Hot Tub, Close Walk to the Slopes!",$386,$454,$3778,â¬†ï¸Ž (4)
02-27-2024,Tuesday,LOCATION! Base Area Trails Right Outside your Door! GREAT RATES!,$395,$465,$3864,ðŸŸ°
02-27-2024,Tuesday,Cozy Crested Butte Condo 50 Yards from Ski Lift!,$745,$904,$7317,ðŸŸ°
02-27-2024,Tuesday,"Ski in/Ski Out, 50 Feet from Lift, Sleeps 7. New Luxury Remodel!!",$750,$945,$6853,ðŸŸ°
02-27-2024,Tuesday,Comfortable Condo close to Slopes with a Hot Tub!,$457,$538,$4552,â¬†ï¸Ž (1)
02-27-2024,Tuesday,"Hot Tub, Close Walk to the Slopes!",$386,$454,$3778,ðŸŸ°
02-27-2024,Tuesday,LOCATION! Base Area Trails Right Outside your Door! GREAT RATES!,$395,$465,$3865,â¬†ï¸Ž (1)
02-27-2024,Tuesday,Cozy Crested Butte Condo 50 Yards from Ski Lift!,$727,$883,$7022,â¬‡ï¸Ž (-295)
02-28-2024,Wednesday,Comfortable Condo close to Slopes with a Hot Tub!,$457,$538,$4551,â¬‡ï¸Ž (-1)
02-28-2024,Wednesday,Easy Mountain - Mt Crested Butte,$205,$241,$2326,ðŸŸ°
02-28-2024,Wednesday,"Hot Tub, Close Walk to the Slopes!",$386,$454,$3779,â¬†ï¸Ž (1)
02-28-2024,Wednesday,LOCATION! Base Area Trails Right Outside your Door! GREAT RATES!,$396,$465,$3868,â¬†ï¸Ž (3)
02-28-2024,Wednesday,Cozy Crested Butte Condo 50 Yards from Ski Lift!,$727,$883,$7022,ðŸŸ°
02-28-2024,Wednesday,"Ski in/Ski Out, 50 Feet from Lift, Sleeps 7. New Luxury Remodel!!",$750,$945,$6853,ðŸŸ°
02-28-2024,Wednesday,Comfortable Condo close to Slopes with a Hot Tub!,$457,$537,$4549,â¬‡ï¸Ž (-2)
02-28-2024,Wednesday,"Hot Tub, Close Walk to the Slopes!",$330,$388,$3255,â¬‡ï¸Ž (-524)
02-28-2024,Wednesday,LOCATION! Base Area Trails Right Outside your Door! GREAT RATES!,$395,$465,$3864,â¬‡ï¸Ž (-4)
02-29-2024,Thursday,Comfortable Condo close to Slopes with a Hot Tub!,$457,$537,$4549,ðŸŸ°
02-29-2024,Thursday,Easy Mountain - Mt Crested Butte,$205,$241,$2326,ðŸŸ°
02-29-2024,Thursday,"Hot Tub, Close Walk to the Slopes!",$330,$388,$3255,ðŸŸ°
02-29-2024,Thursday,LOCATION! Base Area Trails Right Outside your Door! GREAT RATES!,$395,$465,$3864,ðŸŸ°
02-29-2024,Thursday,Cozy Crested Butte Condo 50 Yards from Ski Lift!,$763,$926,$7479,â¬†ï¸Ž (457)
02-29-2024,Thursday,"Ski in/Ski Out, 50 Feet from Lift, Sleeps 7. New Luxury Remodel!!",$750,$945,$6853,ðŸŸ°
02-29-2024,Thursday,"Hot Tub, Close Walk to the Slopes!",$330,$388,$3256,â¬†ï¸Ž (1)
02-29-2024,Thursday,LOCATION! Base Area Trails Right Outside your Door! GREAT RATES!,$395,$465,$3865,â¬†ï¸Ž (1)
02-29-2024,Thursday,Cozy Crested Butte Condo 50 Yards from Ski Lift!,$731,$887,$7052,â¬‡ï¸Ž (-427)
03-1-2024,Friday,Comfortable Condo close to Slopes with a Hot Tub!,$457,$537,$4546,â¬‡ï¸Ž (-3)
03-1-2024,Friday,Easy Mountain - Mt Crested Butte,$205,$241,$2326,ðŸŸ°
03-1-2024,Friday,"Hot Tub, Close Walk to the Slopes!",$330,$388,$3255,â¬‡ï¸Ž (-1)
03-1-2024,Friday,LOCATION! Base Area Trails Right Outside your Door! GREAT RATES!,$395,$465,$3863,â¬‡ï¸Ž (-2)
03-1-2024,Friday,Cozy Crested Butte Condo 50 Yards from Ski Lift!,$731,$887,$7052,ðŸŸ°
03-1-2024,Friday,"Ski in/Ski Out, 50 Feet from Lift, Sleeps 7. New Luxury Remodel!!",$750,$945,$6853,ðŸŸ°
03-1-2024,Friday,Comfortable Condo close to Slopes with a Hot Tub!,$457,$537,$4546,ðŸŸ°
03-1-2024,Friday,"Hot Tub, Close Walk to the Slopes!",$330,$388,$3255,ðŸŸ°
03-1-2024,Friday,LOCATION! Base Area Trails Right Outside your Door! GREAT RATES!,$395,$465,$3863,ðŸŸ°
03-1-2024,Friday,Cozy Crested Butte Condo 50 Yards from Ski Lift!,$732,$889,$7064,â¬†ï¸Ž (12)
03-2-2024,Saturday,Comfortable Condo close to Slopes with a Hot Tub!,$458,$538,$4554,â¬†ï¸Ž (8)
03-2-2024,Saturday,Easy Mountain - Mt Crested Butte,$205,$241,$2326,ðŸŸ°
03-2-2024,Saturday,"Hot Tub, Close Walk to the Slopes!",$330,$388,$3261,â¬†ï¸Ž (6)
03-2-2024,Saturday,LOCATION! Base Area Trails Right Outside your Door! GREAT RATES!,$395,$465,$3866,â¬†ï¸Ž (3)
03-2-2024,Saturday,Cozy Crested Butte Condo 50 Yards from Ski Lift!,$732,$889,$7064,ðŸŸ°
03-2-2024,Saturday,"Ski in/Ski Out, 50 Feet from Lift, Sleeps 7. New Luxury Remodel!!",$750,$945,$6853,ðŸŸ°
03-2-2024,Saturday,Comfortable Condo close to Slopes with a Hot Tub!,$457,$538,$4552,â¬‡ï¸Ž (-2)
03-2-2024,Saturday,"Hot Tub, Close Walk to the Slopes!",$330,$388,$3261,ðŸŸ°
03-2-2024,Saturday,LOCATION! Base Area Trails Right Outside your Door! GREAT RATES!,$395,$465,$3864,â¬‡ï¸Ž (-2)
03-3-2024,Sunday,Comfortable Condo close to Slopes with a Hot Tub!,$457,$538,$4552,ðŸŸ°
03-3-2024,Sunday,Easy Mountain - Mt Crested Butte,$205,$241,$2326,ðŸŸ°
03-3-2024,Sunday,"Hot Tub, Close Walk to the Slopes!",$330,$388,$3261,ðŸŸ°
03-3-2024,Sunday,LOCATION! Base Area Trails Right Outside your Door! GREAT RATES!,$395,$465,$3864,ðŸŸ°
03-3-2024,Sunday,Cozy Crested Butte Condo 50 Yards from Ski Lift!,$732,$889,$7064,ðŸŸ°
03-3-2024,Sunday,"Ski in/Ski Out, 50 Feet from Lift, Sleeps 7. New Luxury Remodel!!",$750,$945,$6853,ðŸŸ°
03-4-2024,Monday,Comfortable Condo close to Slopes with a Hot Tub!,$457,$538,$4552,ðŸŸ°
03-4-2024,Monday,Easy Mountain - Mt Crested Butte,$205,$241,$2326,ðŸŸ°
03-4-2024,Monday,"Hot Tub, Close Walk to the Slopes!",$330,$388,$3261,ðŸŸ°
03-4-2024,Monday,LOCATION! Base Area Trails Right Outside your Door! GREAT RATES!,$395,$465,$3865,â¬†ï¸Ž (1)
03-4-2024,Monday,Cozy Crested Butte Condo 50 Yards from Ski Lift!,$732,$889,$7064,ðŸŸ°
03-4-2024,Monday,"Ski in/Ski Out, 50 Feet from Lift, Sleeps 7. New Luxury Remodel!!",$750,$945,$6853,ðŸŸ°
03-4-2024,Monday,LOCATION! Base Area Trails Right Outside your Door! GREAT RATES!,$395,$465,$3865,ðŸŸ°
03-5-2024,Tuesday,Comfortable Condo close to Slopes with a Hot Tub!,$457,$538,$4552,ðŸŸ°
03-5-2024,Tuesday,Easy Mountain - Mt Crested Butte,$205,$241,$2326,ðŸŸ°
03-5-2024,Tuesday,"Hot Tub, Close Walk to the Slopes!",$330,$388,$3261,ðŸŸ°
03-5-2024,Tuesday,LOCATION! Base Area Trails Right Outside your Door! GREAT RATES!,$395,$465,$3865,ðŸŸ°
03-5-2024,Tuesday,Cozy Crested Butte Condo 50 Yards from Ski Lift!,$732,$889,$7064,ðŸŸ°
03-5-2024,Tuesday,"Ski in/Ski Out, 50 Feet from Lift, Sleeps 7. New Luxury Remodel!!",$750,$945,$6853,ðŸŸ°
03-5-2024,Tuesday,Easy Mountain - Mt Crested Butte,$176,$207,$2032,â¬‡ï¸Ž (-294)
03-6-2024,Wednesday,Comfortable Condo close to Slopes with a Hot Tub!,$457,$538,$4552,ðŸŸ°
03-6-2024,Wednesday,Easy Mountain - Mt Crested Butte,$176,$207,$2032,ðŸŸ°
03-6-2024,Wednesday,"Hot Tub, Close Walk to the Slopes!",$330,$388,$3261,ðŸŸ°
03-6-2024,Wednesday,LOCATION! Base Area Trails Right Outside your Door! GREAT RATES!,$395,$465,$3865,ðŸŸ°
03-6-2024,Wednesday,Cozy Crested Butte Condo 50 Yards from Ski Lift!,$760,$922,$7449,â¬†ï¸Ž (385)
03-6-2024,Wednesday,"Ski in/Ski Out, 50 Feet from Lift, Sleeps 7. New Luxury Remodel!!",$750,$945,$6853,ðŸŸ°
03-6-2024,Wednesday,Comfortable Condo close to Slopes with a Hot Tub!,$422,$496,$4180,â¬‡ï¸Ž (-372)
03-6-2024,Wednesday,"Hot Tub, Close Walk to the Slopes!",$305,$358,$3019,â¬‡ï¸Ž (-242)
03-6-2024,Wednesday,LOCATION! Base Area Trails Right Outside your Door! GREAT RATES!,$365,$429,$3590,â¬‡ï¸Ž (-275)
03-6-2024,Wednesday,Cozy Crested Butte Condo 50 Yards from Ski Lift!,$730,$887,$7049,â¬‡ï¸Ž (-400)
03-7-2024,Thursday,Comfortable Condo close to Slopes with a Hot Tub!,$422,$496,$4180,ðŸŸ°
03-7-2024,Thursday,Easy Mountain - Mt Crested Butte,$176,$207,$2032,ðŸŸ°
03-7-2024,Thursday,"Hot Tub, Close Walk to the Slopes!",$305,$358,$3019,ðŸŸ°
03-7-2024,Thursday,LOCATION! Base Area Trails Right Outside your Door! GREAT RATES!,$365,$429,$3590,ðŸŸ°
03-7-2024,Thursday,Cozy Crested Butte Condo 50 Yards from Ski Lift!,$730,$887,$7049,ðŸŸ°
03-7-2024,Thursday,"Ski in/Ski Out, 50 Feet from Lift, Sleeps 7. New Luxury Remodel!!",$750,$945,$6853,ðŸŸ°
03-8-2024,Friday,Comfortable Condo close to Slopes with a Hot Tub!,$418,$492,$4149,â¬‡ï¸Ž (-31)
03-8-2024,Friday,Easy Mountain - Mt Crested Butte,$176,$207,$2032,ðŸŸ°
03-8-2024,Friday,"Hot Tub, Close Walk to the Slopes!",$302,$355,$2994,â¬‡ï¸Ž (-25)
03-8-2024,Friday,LOCATION! Base Area Trails Right Outside your Door! GREAT RATES!,$362,$425,$3562,â¬‡ï¸Ž (-28)
03-8-2024,Friday,Cozy Crested Butte Condo 50 Yards from Ski Lift!,$730,$887,$7049,ðŸŸ°
03-8-2024,Friday,"Ski in/Ski Out, 50 Feet from Lift, Sleeps 7. New Luxury Remodel!!",$750,$945,$6853,ðŸŸ°
03-8-2024,Friday,Comfortable Condo close to Slopes with a Hot Tub!,$422,$496,$4185,â¬†ï¸Ž (36)
03-8-2024,Friday,"Hot Tub, Close Walk to the Slopes!",$305,$358,$3020,â¬†ï¸Ž (26)
03-8-2024,Friday,LOCATION! Base Area Trails Right Outside your Door! GREAT RATES!,$365,$429,$3591,â¬†ï¸Ž (29)
03-9-2024,Saturday,Comfortable Condo close to Slopes with a Hot Tub!,$422,$496,$4185,ðŸŸ°
03-9-2024,Saturday,Easy Mountain - Mt Crested Butte,$176,$207,$2032,ðŸŸ°
03-9-2024,Saturday,"Hot Tub, Close Walk to the Slopes!",$305,$358,$3020,ðŸŸ°
03-9-2024,Saturday,LOCATION! Base Area Trails Right Outside your Door! GREAT RATES!,$365,$429,$3591,ðŸŸ°
03-9-2024,Saturday,Cozy Crested Butte Condo 50 Yards from Ski Lift!,$731,$888,$7054,â¬†ï¸Ž (5)
03-9-2024,Saturday,"Ski in/Ski Out, 50 Feet from Lift, Sleeps 7. New Luxury Remodel!!",$750,$945,$6853,ðŸŸ°
03-9-2024,Saturday,Cozy Crested Butte Condo 50 Yards from Ski Lift!,$732,$889,$7061,â¬†ï¸Ž (7)
03-10-2024,Sunday,Comfortable Condo close to Slopes with a Hot Tub!,$422,$496,$4185,ðŸŸ°
03-10-2024,Sunday,Easy Mountain - Mt Crested Butte,$176,$207,$2032,ðŸŸ°
03-10-2024,Sunday,"Hot Tub, Close Walk to the Slopes!",$304,$358,$3013,â¬‡ï¸Ž (-7)
03-10-2024,Sunday,LOCATION! Base Area Trails Right Outside your Door! GREAT RATES!,$364,$428,$3581,â¬‡ï¸Ž (-10)
03-10-2024,Sunday,Cozy Crested Butte Condo 50 Yards from Ski Lift!,$732,$890,$7068,â¬†ï¸Ž (7)
03-10-2024,Sunday,"Ski in/Ski Out, 50 Feet from Lift, Sleeps 7. New Luxury Remodel!!",$750,$945,$6853,ðŸŸ°
03-10-2024,Sunday,Comfortable Condo close to Slopes with a Hot Tub!,$423,$497,$4189,â¬†ï¸Ž (4)
03-10-2024,Sunday,"Hot Tub, Close Walk to the Slopes!",$304,$358,$3013,ðŸŸ°
03-10-2024,Sunday,LOCATION! Base Area Trails Right Outside your Door! GREAT RATES!,$365,$430,$3594,â¬†ï¸Ž (13)
03-10-2024,Sunday,Cozy Crested Butte Condo 50 Yards from Ski Lift!,$732,$890,$7068,ðŸŸ°
03-11-2024,Monday,Comfortable Condo close to Slopes with a Hot Tub!,$423,$497,$4189,ðŸŸ°
03-11-2024,Monday,Easy Mountain - Mt Crested Butte,$176,$207,$2032,ðŸŸ°
03-11-2024,Monday,"Hot Tub, Close Walk to the Slopes!",$304,$358,$3013,ðŸŸ°
03-11-2024,Monday,LOCATION! Base Area Trails Right Outside your Door! GREAT RATES!,$365,$430,$3594,ðŸŸ°
03-11-2024,Monday,Cozy Crested Butte Condo 50 Yards from Ski Lift!,$732,$890,$7068,ðŸŸ°
03-11-2024,Monday,"Ski in/Ski Out, 50 Feet from Lift, Sleeps 7. New Luxury Remodel!!",$750,$945,$6853,ðŸŸ°
03-11-2024,Monday,Comfortable Condo close to Slopes with a Hot Tub!,$422,$496,$4183,â¬‡ï¸Ž (-6)
03-11-2024,Monday,"Hot Tub, Close Walk to the Slopes!",$304,$358,$3015,â¬†ï¸Ž (2)
03-11-2024,Monday,LOCATION! Base Area Trails Right Outside your Door! GREAT RATES!,$364,$429,$3587,â¬‡ï¸Ž (-7)
03-11-2024,Monday,Cozy Crested Butte Condo 50 Yards from Ski Lift!,$733,$890,$7072,â¬†ï¸Ž (4)
03-12-2024,Tuesday,Comfortable Condo close to Slopes with a Hot Tub!,$422,$496,$4183,ðŸŸ°
03-12-2024,Tuesday,Easy Mountain - Mt Crested Butte,$176,$207,$2032,ðŸŸ°
03-12-2024,Tuesday,"Hot Tub, Close Walk to the Slopes!",$304,$358,$3015,ðŸŸ°
03-12-2024,Tuesday,LOCATION! Base Area Trails Right Outside your Door! GREAT RATES!,$364,$429,$3587,ðŸŸ°
03-12-2024,Tuesday,Cozy Crested Butte Condo 50 Yards from Ski Lift!,$742,$900,$7289,â¬†ï¸Ž (217)
03-12-2024,Tuesday,"Ski in/Ski Out, 50 Feet from Lift, Sleeps 7. New Luxury Remodel!!",$750,$945,$6853,ðŸŸ°
03-12-2024,Tuesday,Comfortable Condo close to Slopes with a Hot Tub!,$423,$497,$4194,â¬†ï¸Ž (11)
03-12-2024,Tuesday,LOCATION! Base Area Trails Right Outside your Door! GREAT RATES!,$366,$430,$3597,â¬†ï¸Ž (10)
03-12-2024,Tuesday,Cozy Crested Butte Condo 50 Yards from Ski Lift!,$742,$900,$7289,ðŸŸ°
03-13-2024,Wednesday,Comfortable Condo close to Slopes with a Hot Tub!,$423,$497,$4194,ðŸŸ°
03-13-2024,Wednesday,Easy Mountain - Mt Crested Butte,$176,$207,$2032,ðŸŸ°
03-13-2024,Wednesday,"Hot Tub, Close Walk to the Slopes!",$304,$358,$3015,ðŸŸ°
03-13-2024,Wednesday,LOCATION! Base Area Trails Right Outside your Door! GREAT RATES!,$366,$430,$3597,ðŸŸ°
03-13-2024,Wednesday,Cozy Crested Butte Condo 50 Yards from Ski Lift!,$742,$900,$7289,ðŸŸ°
03-13-2024,Wednesday,"Ski in/Ski Out, 50 Feet from Lift, Sleeps 7. New Luxury Remodel!!",$750,$945,$6853,ðŸŸ°
03-13-2024,Wednesday,Cozy Crested Butte Condo 50 Yards from Ski Lift!,$740,$898,$7272,â¬‡ï¸Ž (-17)
03-14-2024,Thursday,Comfortable Condo close to Slopes with a Hot Tub!,$423,$497,$4194,ðŸŸ°
03-14-2024,Thursday,Easy Mountain - Mt Crested Butte,$176,$207,$2032,ðŸŸ°
03-14-2024,Thursday,"Hot Tub, Close Walk to the Slopes!",$304,$358,$3015,ðŸŸ°
03-14-2024,Thursday,LOCATION! Base Area Trails Right Outside your Door! GREAT RATES!,$366,$430,$3597,ðŸŸ°
03-14-2024,Thursday,Cozy Crested Butte Condo 50 Yards from Ski Lift!,$740,$898,$7272,ðŸŸ°
03-14-2024,Thursday,"Ski in/Ski Out, 50 Feet from Lift, Sleeps 7. New Luxury Remodel!!",$750,$945,$6853,ðŸŸ°
03-14-2024,Thursday,Comfortable Condo close to Slopes with a Hot Tub!,$423,$497,$4192,â¬‡ï¸Ž (-2)
03-14-2024,Thursday,"Hot Tub, Close Walk to the Slopes!",$305,$359,$3024,â¬†ï¸Ž (9)
03-14-2024,Thursday,Cozy Crested Butte Condo 50 Yards from Ski Lift!,$741,$899,$7280,â¬†ï¸Ž (8)
03-15-2024,Friday,Comfortable Condo close to Slopes with a Hot Tub!,$423,$497,$4192,ðŸŸ°
03-15-2024,Friday,Easy Mountain - Mt Crested Butte,$176,$207,$2032,ðŸŸ°
03-15-2024,Friday,"Hot Tub, Close Walk to the Slopes!",$305,$359,$3024,ðŸŸ°
03-15-2024,Friday,LOCATION! Base Area Trails Right Outside your Door! GREAT RATES!,$366,$430,$3597,ðŸŸ°
03-15-2024,Friday,Cozy Crested Butte Condo 50 Yards from Ski Lift!,$741,$899,$7280,ðŸŸ°
03-15-2024,Friday,"Ski in/Ski Out, 50 Feet from Lift, Sleeps 7. New Luxury Remodel!!",$750,$945,$6853,ðŸŸ°
03-15-2024,Friday,"Hot Tub, Close Walk to the Slopes!",$304,$357,$3012,â¬‡ï¸Ž (-12)
03-15-2024,Friday,LOCATION! Base Area Trails Right Outside your Door! GREAT RATES!,$364,$429,$3587,â¬‡ï¸Ž (-10)
03-15-2024,Friday,Cozy Crested Butte Condo 50 Yards from Ski Lift!,$742,$900,$7289,â¬†ï¸Ž (9)
03-16-2024,Saturday,Comfortable Condo close to Slopes with a Hot Tub!,$421,$495,$4174,â¬‡ï¸Ž (-18)
03-16-2024,Saturday,Easy Mountain - Mt Crested Butte,$176,$207,$2032,ðŸŸ°
03-16-2024,Saturday,"Hot Tub, Close Walk to the Slopes!",$304,$357,$3012,ðŸŸ°
03-16-2024,Saturday,LOCATION! Base Area Trails Right Outside your Door! GREAT RATES!,$364,$429,$3587,ðŸŸ°
03-16-2024,Saturday,Cozy Crested Butte Condo 50 Yards from Ski Lift!,$742,$900,$7289,ðŸŸ°
03-16-2024,Saturday,"Ski in/Ski Out, 50 Feet from Lift, Sleeps 7. New Luxury Remodel!!",$750,$945,$6853,ðŸŸ°
03-16-2024,Saturday,Comfortable Condo close to Slopes with a Hot Tub!,$420,$494,$4168,â¬‡ï¸Ž (-6)
03-16-2024,Saturday,"Hot Tub, Close Walk to the Slopes!",$303,$357,$3006,â¬‡ï¸Ž (-6)
03-16-2024,Saturday,LOCATION! Base Area Trails Right Outside your Door! GREAT RATES!,$362,$425,$3562,â¬‡ï¸Ž (-25)
03-16-2024,Saturday,Cozy Crested Butte Condo 50 Yards from Ski Lift!,$742,$901,$7293,â¬†ï¸Ž (4)
03-17-2024,Sunday,Comfortable Condo close to Slopes with a Hot Tub!,$420,$494,$4168,ðŸŸ°
03-17-2024,Sunday,Easy Mountain - Mt Crested Butte,$176,$207,$2032,ðŸŸ°
03-17-2024,Sunday,"Hot Tub, Close Walk to the Slopes!",$303,$357,$3006,ðŸŸ°
03-17-2024,Sunday,LOCATION! Base Area Trails Right Outside your Door! GREAT RATES!,$362,$425,$3562,ðŸŸ°
03-17-2024,Sunday,Cozy Crested Butte Condo 50 Yards from Ski Lift!,$742,$901,$7293,ðŸŸ°
03-17-2024,Sunday,"Ski in/Ski Out, 50 Feet from Lift, Sleeps 7. New Luxury Remodel!!",$750,$945,$6853,ðŸŸ°
03-17-2024,Sunday,Comfortable Condo close to Slopes with a Hot Tub!,$418,$491,$4146,â¬‡ï¸Ž (-22)
03-17-2024,Sunday,"Hot Tub, Close Walk to the Slopes!",$302,$355,$2990,â¬‡ï¸Ž (-16)
03-17-2024,Sunday,LOCATION! Base Area Trails Right Outside your Door! GREAT RATES!,$359,$423,$3541,â¬‡ï¸Ž (-21)
03-18-2024,Monday,Comfortable Condo close to Slopes with a Hot Tub!,$418,$491,$4146,ðŸŸ°
03-18-2024,Monday,Easy Mountain - Mt Crested Butte,$176,$207,$2032,ðŸŸ°
03-18-2024,Monday,"Hot Tub, Close Walk to the Slopes!",$302,$355,$2990,ðŸŸ°
03-18-2024,Monday,LOCATION! Base Area Trails Right Outside your Door! GREAT RATES!,$359,$423,$3541,ðŸŸ°
03-18-2024,Monday,Cozy Crested Butte Condo 50 Yards from Ski Lift!,$742,$901,$7293,ðŸŸ°
03-18-2024,Monday,"Ski in/Ski Out, 50 Feet from Lift, Sleeps 7. New Luxury Remodel!!",$750,$945,$6853,ðŸŸ°
03-18-2024,Monday,Cozy Crested Butte Condo 50 Yards from Ski Lift!,$740,$899,$7279,â¬‡ï¸Ž (-14)
03-19-2024,Tuesday,Comfortable Condo close to Slopes with a Hot Tub!,$418,$491,$4146,ðŸŸ°
03-19-2024,Tuesday,Easy Mountain - Mt Crested Butte,$176,$207,$2032,ðŸŸ°
03-19-2024,Tuesday,"Hot Tub, Close Walk to the Slopes!",$302,$355,$2990,ðŸŸ°
03-19-2024,Tuesday,LOCATION! Base Area Trails Right Outside your Door! GREAT RATES!,$359,$423,$3541,ðŸŸ°
03-19-2024,Tuesday,Cozy Crested Butte Condo 50 Yards from Ski Lift!,$740,$899,$7279,ðŸŸ°
03-19-2024,Tuesday,"Ski in/Ski Out, 50 Feet from Lift, Sleeps 7. New Luxury Remodel!!",$750,$945,$6853,ðŸŸ°
03-19-2024,Tuesday,Comfortable Condo close to Slopes with a Hot Tub!,$418,$492,$4147,â¬†ï¸Ž (1)
03-19-2024,Tuesday,"Hot Tub, Close Walk to the Slopes!",$302,$355,$2993,â¬†ï¸Ž (3)
03-19-2024,Tuesday,Cozy Crested Butte Condo 50 Yards from Ski Lift!,$753,$914,$7391,â¬†ï¸Ž (112)
03-20-2024,Wednesday,Comfortable Condo close to Slopes with a Hot Tub!,$418,$492,$4147,ðŸŸ°
03-20-2024,Wednesday,Easy Mountain - Mt Crested Butte,$176,$207,$2032,ðŸŸ°
03-20-2024,Wednesday,"Hot Tub, Close Walk to the Slopes!",$302,$355,$2993,ðŸŸ°
03-20-2024,Wednesday,LOCATION! Base Area Trails Right Outside your Door! GREAT RATES!,$359,$423,$3541,ðŸŸ°
03-20-2024,Wednesday,Cozy Crested Butte Condo 50 Yards from Ski Lift!,$754,$915,$7396,â¬†ï¸Ž (5)
03-20-2024,Wednesday,"Ski in/Ski Out, 50 Feet from Lift, Sleeps 7. New Luxury Remodel!!",$750,$945,$6853,ðŸŸ°
03-20-2024,Wednesday,"Hot Tub, Close Walk to the Slopes!",$301,$354,$2986,â¬‡ï¸Ž (-7)
03-20-2024,Wednesday,LOCATION! Base Area Trails Right Outside your Door! GREAT RATES!,$359,$422,$3538,â¬‡ï¸Ž (-3)
03-20-2024,Wednesday,Cozy Crested Butte Condo 50 Yards from Ski Lift!,$754,$915,$7396,ðŸŸ°